{"MutationFilter":[],"SuperJumpSmooth":false,"AutoSellAll":false,"AutoBuyItem":false,"SmartFlyToNearestMultiplier":false,"AutoBuyBrainrot":false,"ESPReqChar":false,"SuperMode":false,"ReduceGraphics":false,"AutoCollect":false,"AutoFlyCorners":false,"AntiRagdollConditional":false,"RarityFilter":[],"AutoRebirth":false,"AutoFlyToBest":false,"AutoPreventAFK":false,"LastServerId":"487a1ecd-6c5f-46c3-b941-fb3f8ac250a2","TimerESP":false,"IgnoreReqRebirth":false,"AutoAimbotTaser":false,"SmartFlyHigh":false,"MaxSpeed_CFrame":false,"HopFindGuaranteedMythic2Min":false,"StartHopServer":false,"FindHighValueServer":false,"HighValueThreshold":200000,"WebhookUrl":"","PlayerBox":false,"AutoLoadScript":false,"LockNearDecorationBV":false,"Lockbase":false,"AutoStealFastest":false,"ESPHighestNPC_All":false,"Move_CFrame":false,"ShowAutoStealButtonOnScreen":false,"SmartFlyHighToDelivery":true,"ShowFlyButtonOnScreen":false,"ItemList":[],"DisableTrap":false,"AutoKickOnSteal":false,"MaxSpeed_V2":false,"CollectDelay":3,"ShowStealButtonOnScreen":false,"SuperJumpHeight":"100"}