{"TeleportLoadEnabled":false,"ScriptToggles":{"Universal":true,"AimbotFFA":false,"Rivals_SkinChanger":false,"Bladeball":false,"Rivals_Modern":true,"GunGroundsFFA":false,"GrowAGarden":false,"Rivals_Classic":false,"Fling2Climb":false,"Fisch":false,"MurderersVsSheriffsDuels":false,"Brookhaven":false,"MurderMystery2":false,"Forsaken":false,"BlueLock_Rivals":false,"FleeTheFacility":false,"CombatWarriors":false,"Arsenal":true,"BigPaintball2":false,"NightsInTheForest":true},"DisableScriptLoader":false,"AutoLoadEnabled":false,"SelectedTab":"Rivals","ThemeColor":"Darker"}